Serial Number,Name of the lesson,Modules and its title,Video duration,Link for the Content
1,Let's Get Active,Module 01 Action song - Lets Get Active,3:46,https://youtu.be/CjyDFM3af6Y
,Let's Get Active,Module 02 Mindfulness relax your mind - Lets Get Active,2:18,https://youtu.be/S3y28-hkW5o
,Let's Get Active,Module 03 Action words - Lets Get Active,2:25,https://youtu.be/-CCiPo2QbXM
,Let's Get Active,Module 04 More action words - Lets Get Active,5:40,https://youtu.be/qwceY-KtFAg
,Let's Get Active,Module 05 Activity spin the wheel - Lets Get Active,3:23,https://youtu.be/R5j2WiS8w00
,Let's Get Active,Module 06 Revise action words - Lets Get Active,6:39,https://youtu.be/jRL0_2o75OM
,Let's Get Active,Module 07 Group activity - Lets Get Active,1:57,https://youtu.be/cptw-UEQ9YE
,Let's Get Active,Module 08 Chorus Time - Lets Get Active,2:45,https://youtu.be/RXtKhjxW0hE
2,People who help us,Module 01 Introduction - People who help us,2:51,https://youtu.be/C6zdF7V6tfA
,People who help us,Module 02 Mindfulness - People who help us,2:23,https://youtu.be/u3IPZbdjPCU
,People who help us,Module 03 Attendance - People who help us,1:42,https://youtu.be/FkIw__V1uws
,People who help us,Module 04 Vocab - People who help us,3:34,https://youtu.be/laIhV7Y8MRo
,People who help us,Module 05 What they do - People who help us,3:02,https://youtu.be/eL9Vjn4Yy-Q
,People who help us,Module 06 Let's revise - People who help us,6:54,https://youtu.be/PoegEk_cDnw
,People who help us,Module 07 Tools and uses - People who help us,5:04,https://youtu.be/7grxUukw3ws
,People who help us,Module 08 Who can help - People who help us,3:12,https://youtu.be/_gEKgtdWomo
,People who help us,Module 09 Workplaces - People who help us,3:33,https://youtu.be/g_B5zydz4hY
,People who help us,Module 10 Chanting -  People who help us,3:25,https://youtu.be/mw0_vsgBdj0
3,Pollution Matters,Module 01 Intro- Pollution Matters,1:43,https://youtu.be/5qmXQ6yau3c
,Pollution Matters,Module 02 Mindfulness - Pollution Matters,2:32,https://youtu.be/mrZZ0l6T7mI
,Pollution Matters,Module 03 Vocab - Pollution Matters,3:22,https://youtu.be/AgWHLCPonj0
,Pollution Matters,Module 04 Types of pollution - Pollution Matters,3:21,https://youtu.be/eis1g4Fyzxo
,Pollution Matters,Module 05 Revision time - Pollution Matters,1:27,https://youtu.be/8sdJvGZ029E
,Pollution Matters,Module 06 Control pollution - Pollution Matters,3:24,https://youtu.be/z3RF11_xeQI
,Pollution Matters,Module 07 Let's revise - Pollution Matters,3:01,https://youtu.be/F2IiO8QNG6s
,Pollution Matters,Module 08 Chanting - Pollution Matters,4:47,https://youtu.be/sNGgaSfvCDk